{"status":"ok",
  "totalResults":46,
  "articles":[
    {"source":{"id":"google-news","name":"Google News"},
      "author":null,
      "title":"Google Cloud Is Having IO Issues in US-EAST1",
      "description":"Comments",
      "url":"https://status.cloud.google.com/incident/compute/19012",
      "urlToImage":null,
      "publishedAt":"2019-12-07T19:41:17Z",
      "content":"Description: We are experiencing an issue with SSD Persistent Disk and SSD Regional Persistent Disks,beginning at Saturday, 2019-12-07 06:45 US/Pacific.\r\nSymptoms: High IO wait times, IO operations failing or taking over 2 seconds to complete.\r\nSelf-diagnosis… [+465 chars]"},{"source":{"id":"google-news","name":"Google News"},"author":"fabpot","title":"[Paris] SfPot Décembre 2019 - Paris, France (December 18, 2019)","description":"Bonjour à tous  Tous les préparatifs sont terminés pour le StPot de décembre, et la date sera le mercredi 18 ! Ce mois-ci c'est Theodo qui nous héberge, merci à eux. Nous auront deux présentations :- « Retour vers la CI » par Nawo Mbeche...","url":"http://feedproxy.google.com/~r/symfony/events/~3/VewrG3aLVMw/","urlToImage":null,"publishedAt":"2019-12-07T06:30:20Z","content":null},{"source":{"id":"google-news","name":"Google News"},"author":null,"title":"Court Bans Whatsapp, Facebook and Instagram in Germany","description":"Comments","url":"https://translate.google.com/translate?depth=1&nv=1&rurl=translate.google.com&sl=de&sp=nmt4&tl=en&u=https://www.sueddeutsche.de/digital/urteil-facebook-whatsapp-instagram-verbot-1.4713341&xid=25657,15700021,15700043,15700186,15700190,15700256,15700259,15700262,15700265,15700271,15700283","urlToImage":null,"publishedAt":"2019-12-07T06:29:36Z","content":"TranslateFrom:\r\nDetect language\r\n—\r\nAfrikaans\r\nAlbanian\r\nAmharic\r\nArabic\r\nArmenian\r\nAzerbaijani\r\nBasque\r\nBelarusian\r\nBengali\r\nBosnian\r\nBulgarian\r\nCatalan\r\nCebuano\r\nChichewa\r\nChinese\r\nCorsican\r\nCroatian\r\nCzech\r\nDanish\r\nDutch\r\nEnglish\r\nEsperanto\r\nEstonian\r\nFili… [+1729 chars]"},{"source":{"id":"google-news","name":"Google News"},"author":"Yuri Araujo","title":"De nouvelles menaces, de nouvelles armes et de nouveaux lieux vous attendent dans la mise à jour de Monster Hunter World : Iceborne disponible aujourd’hui","description":"Il n’y a pas si longtemps, nous vous parlions du retour triomphant du puissant Zinogre dans Monster Hunter World : Iceborne, et nous espérons que beaucoup d’entre vous ont déjà eu la chance d’affronter ce monstre effrayant. Une fois que ce sera chose faite, e…","url":"http://feedproxy.google.com/~r/SCEEBlogFR/~3/VwHOqxPXRjk/","urlToImage":null,"publishedAt":"2019-12-05T00:00:22Z","content":null},{"source":{"id":"google-news","name":"Google News"},"author":"Justin Massongill","title":"Célébrez le 25ème anniversaire de PlayStation et ses consoles aux lignes iconiques avec ces fonds d’écran exclusifs","description":"Nous espérons que vous avez apprécié les célébrations de #25YearsOfPlay cette semaine ! Aujourd’hui, on continue avec une sélection de fonds d’écran faits main par notre ami Cory Schmitz pour votre ordinateur ou appareil mobile. Ces dessins se concentrent sur…","url":"http://feedproxy.google.com/~r/SCEEBlogFR/~3/YyAejT94wn0/","urlToImage":null,"publishedAt":"2019-12-04T14:00:56Z","content":null},{"source":{"id":"google-news","name":"Google News"},"author":"Céline Nebor","title":"Capture One 20 : interface améliorée, gestion des couleurs simplifiée et de nombreux outils plus précis","description":"Phase One lance la nouvelle version de son logiciel phare d'édition photo, Capture One 20, qui arrive avec une interface optimisée, de nouvelles capacités de traitement et des améliorations du flux de travail. Petit tour des nouveautés. © 2019 Phototrend.fr -…","url":"http://feedproxy.google.com/~r/phototrend/~3/HOlIa6qibzE/","urlToImage":null,"publishedAt":"2019-12-04T10:26:42Z","content":null},{"source":{"id":"google-news","name":"Google News"},"author":null,"title":"DansTonChat.com - L'intégrale du 04/12/2019","description":"DansTonChat.com - L'intégrale du 04/12/2019 Nouvelles quotes S: Pour mon anniversaire, il a acheté un gâteau, et en plus une tartelette au citron (la vie) N: Ouai S: Puis après réflexion, il a jugé bon d'ajouter: \"J'ai failli te prendre une tartelette géante!…","url":"http://feedproxy.google.com/~r/bashfr/~3/b6HeFH8jvjE/","urlToImage":null,"publishedAt":"2019-12-04T00:00:00Z","content":null},{"source":{"id":"google-news","name":"Google News"},"author":"Bernard Dugué","title":"S'il y a une vie après la mort, la physique en donne « une » explication","description":"Cet article ne prouve pas qu'il y a une vie après la mort mais que cette possibilité est devenue plausible dans le cadre de la physique contemporaine. 0) Depuis la nuit des temps, la mort est au centre des préoccupations humaine. Elle est même un universel tr…","url":"http://feedproxy.google.com/~r/agoravox/gEOF/~3/4novGNv1XoU/s-il-y-a-une-vie-apres-la-mort-la-219662","urlToImage":null,"publishedAt":"2019-12-03T10:57:25Z","content":null},{"source":{"id":"google-news","name":"Google News"},"author":null,"title":"News - Un Noël en or s'annonce pour Nintendo... en Bourse !","description":"Finance et chiffres de vente L'action Nintendo va bien. Très bien même, puisqu'on a pu constater aujourd'hui que le titre était à son plus haut depuis 19 mois, avec une action valorisée 44390 yens au 3 décembre 2019.","url":"http://feedproxy.google.com/~r/pn-majs/~3/5ONVJ7zOz_g/un-noel-en-or-pour-nintendo-en-bourse-254433","urlToImage":null,"publishedAt":"2019-12-03T08:01:00Z","content":null},{"source":{"id":"google-news","name":"Google News"},"author":"Hubert Guillaud","title":"Entreprécariat : de l’entrepreneuriat à la précarité, les deux faces d’un même modèle","description":"En France, Pôle Emploi est souvent qualifiée de principal financeur des startups comme de l’auto-entrepreneuriat. En effet, nombre d’ex-employés utilisent leurs indemnités pour se lancer dans l’aventure entrepreneuriale avec l’espoir ou le rêve d’une réussite…","url":"http://feedproxy.google.com/~r/internetactu/bcmJ/~3/wwe9Xu7IrAI/","urlToImage":null,"publishedAt":"2019-12-03T05:00:33Z","content":null},{"source":{"id":"google-news","name":"Google News"},"author":"L'atelier Neweb","title":"Black Friday : AliExpress casse le prix du Redmi Note 8","description":"Le smartphone qui sait (presque) tout faire pour à peine plus de 100 euros, vous le trouverez en ce moment chez AliExpress à prix cassé, d'autant plus qu'un code promo vient s'ajouter à l'offre déjà existante !","url":"http://feedproxy.google.com/~r/blogeee/articles/~3/h_TPfdhQh_s/black-friday-aliexpress-casse-le-prix-du-redmi-note-8-39894827.htm","urlToImage":null,"publishedAt":"2019-12-01T07:00:00Z","content":null},{"source":{"id":"google-news","name":"Google News"},"author":"Colombot","title":"Les perdants du marché du travail","description":"En deçà des bonnes nouvelles relatives au marché du travail en France (#csp), des mutations importantes sont à l'oeuvre, dont certaines largement décrites par les médias, comme la précarité des « travailleurs des plate-formes », c'est-à-dire des travailleurs …","url":"http://feedproxy.google.com/~r/agoravox/gEOF/~3/kdIcKIpB31A/les-perdants-du-marche-du-travail-219597","urlToImage":null,"publishedAt":"2019-11-30T10:54:15Z","content":null},{"source":{"id":"google-news","name":"Google News"},"author":"Damien Roué","title":"Black Friday Digit-Photo : jusqu’à 300€ de remise immédiate sur plus de 5000 produits photo et vidéo","description":"Black Friday. Après une semaine déjà riche, Digit-Photo dégaine son \"vrai\" Black Friday avec des promotions sur plus de 5000 références photo et vidéo. A la clé, des prix réduits (jusqu'à 300€ de remise immédiate) sur des produits de dernière génération à ne …","url":"http://feedproxy.google.com/~r/phototrend/~3/OrjogTyNhiM/","urlToImage":null,"publishedAt":"2019-11-29T15:50:52Z","content":null},{"source":{"id":"google-news","name":"Google News"},"author":"Hubert Guillaud","title":"Réguler les géants ? Non, ouvrir la techno à d’autres acteurs !","description":"La critique de la candidate démocrate américaine Elizabeth Warren qui appelle au démantèlement des grands acteurs des technologies frappe à côté, estime Evgeny Morozov (@evgenymorozov, blog en français, blog sur le Guardian) dans une de ses excellentes tribun…","url":"http://feedproxy.google.com/~r/internetactu/bcmJ/~3/ztYfuXboq20/","urlToImage":null,"publishedAt":"2019-11-29T05:00:41Z","content":null},{"source":{"id":"google-news","name":"Google News"},"author":null,"title":"News - La licence Five Nights at Freddy's vient terroriser la Switch (Switch)","description":"Bien connu des joueurs PC depuis 2014, la série de jeux d'horreurs très populaire chez les streamers est arrivée sur Nintendo Switch","url":"http://feedproxy.google.com/~r/pn-majs/~3/z0JeAq2D5IU/la-licence-five-nights-at-freddy-s-vient-terroriser-la-switch-254418","urlToImage":null,"publishedAt":"2019-11-28T08:05:00Z","content":null},{"source":{"id":"google-news","name":"Google News"},"author":"Rémi Sussan","title":"Le retour de la conscience (4/4) : des « sciences sociales quantiques » ?","description":"Les principes de la mécanique quantique, avec ses apparentes bizarreries, permettent-ils de mieux comprendre le comportement humain ? C’est ce que pense un Alexander Wendt (Wikipédia). Le bonhomme a un CV long comme le bras, et sa spécialité, ce sont les rela…","url":"http://feedproxy.google.com/~r/internetactu/bcmJ/~3/hrd6baBCB4c/","urlToImage":null,"publishedAt":"2019-11-28T05:00:15Z","content":null},{"source":{"id":"google-news","name":"Google News"},"author":null,"title":"News - Animal Crossing : Pocket Camp - Testons l'option joyeux Assistant (mobile)","description":"La difficulté de tester un titre mobile, c'est qu'il évolue toujours, rendant caduc un test réalisé à un instant T au bout de quelques mois. Si le gros de notre test du jeu n'a rien perdu au niveau de son information, la dernière mise à jour 3.0 a apporté suf…","url":"http://feedproxy.google.com/~r/pn-majs/~3/z6IAN1WRzLQ/animal-crossing-pocket-camp-testons-l-option-joyeux-assistant-254416","urlToImage":null,"publishedAt":"2019-11-27T07:40:00Z","content":null},{"source":{"id":"google-news","name":"Google News"},"author":null,"title":"Test - The Touryst : le rayon de soleil qui va réchauffer votre hiver ! (Switch)","description":"Après nous avoir fait bonne première impression, The Touryst pose définitivement ses valises sur notre Switch pour enfoncer le clou et s’imposer comme l’un des titres phare de cet hiver 2019. Pari réussi ?","url":"http://feedproxy.google.com/~r/pn-majs/~3/ofzC3v1w_68/the-touryst-le-rayon-de-soleil-qui-va-rechauffer-votre-hiver-254411","urlToImage":null,"publishedAt":"2019-11-26T17:34:00Z","content":null},{"source":{"id":"google-news","name":"Google News"},"author":"Romain Ribout","title":"Le meilleur pack « Maison connectée » est à 179 € pour le Black Friday","description":"Vous souhaitez faire vos premiers pas vers la domotique ? Pour cela, les promotions liées au Black Friday représentent une belle opportunité pour s’équiper à moindre coût. Boulanger propose aujourd’hui son pack « Maison connectée » à 179 euros, il inclut : 1 …","url":"http://feedproxy.google.com/~r/Frandroid/~3/2FaBqe5HyZ4/644582_le-meilleur-pack-maison-connectee-est-a-179-e-pour-le-black-friday","urlToImage":null,"publishedAt":"2019-11-26T17:31:22Z","content":null},{"source":{"id":"google-news","name":"Google News"},"author":"Hubert Guillaud","title":"Technopouvoir : sommes-nous dépossédés de toute capacité d’action ?","description":"Avec Technopouvoir : dépolitiser pour mieux régner (Les liens qui libèrent, 2019), Diana Filippova (@dnafilippova), responsable éditoriale de l’agence Stroïka, cofondatrice du mouvement politique Place Publique et de la communauté promouvant la société collab…","url":"http://feedproxy.google.com/~r/internetactu/bcmJ/~3/m_aPhKM5TmM/","urlToImage":null,"publishedAt":"2019-11-26T05:00:55Z","content":null}]}
